Category,TotalRevenue,AverageRevenue
Clothing,26241255071.8926,263046.492766493
Beauty,26493189672.9162,265298.007980175
Food,26554020215.8706,266152.352569616
Electronics,26524334017.6147,264426.263023404
Furniture,26535915683.1575,264565.460450224
